City_ID,City,Country,Lat,Lng,Max Temp,Humidity,Cloudiness,Wind Speed,Current Description
0,Pisco,PE,-13.7,-76.2167,73.4,78,0,21.85,clear sky
1,Tuatapere,NZ,-46.1333,167.6833,57.0,74,30,8.99,scattered clouds
2,Belyy Yar,RU,53.6039,91.3903,19.4,58,0,11.18,clear sky
3,Grindavik,IS,63.8424,-22.4338,19.4,73,0,4.61,clear sky
4,Portland,US,45.5234,-122.6762,46.99,87,90,6.91,light intensity drizzle
5,Aklavik,CA,68.2191,-135.0107,-2.2,84,75,4.61,broken clouds
6,Atuona,PF,-9.8,-139.0333,77.79,80,100,17.18,overcast clouds
7,Yellowknife,CA,62.456,-114.3525,3.2,85,90,4.61,overcast clouds
8,Qaqortoq,GL,60.7167,-46.0333,41.0,38,90,23.02,overcast clouds
9,Nome,US,64.5011,-165.4064,14.0,73,20,14.97,few clouds
10,Severo-Kurilsk,RU,50.6789,156.125,18.84,90,91,18.66,overcast clouds
11,Lormi,IN,22.2833,81.7333,65.89,71,9,4.34,clear sky
12,Tartus,SY,34.889,35.8866,55.99,66,0,4.61,clear sky
13,Ushuaia,AR,-54.8,-68.3,48.2,76,75,23.02,light rain
14,Hobart,AU,-42.8794,147.3294,66.2,68,0,16.11,clear sky
15,Beidao,CN,34.5686,105.8933,17.78,70,6,1.9,clear sky
16,Albany,US,42.6001,-73.9662,28.0,63,1,3.62,clear sky
17,Bredasdorp,ZA,-34.5322,20.0403,66.2,63,100,8.05,overcast clouds
18,Ponta Do Sol,PT,32.6667,-17.1,53.01,66,28,3.0,scattered clouds
19,Peleduy,RU,59.6289,112.7406,-8.97,89,100,1.48,overcast clouds
20,Nuuk,GL,64.1835,-51.7216,33.8,93,90,1.14,light snow
21,San Patricio,US,28.017,-97.5169,44.6,93,90,31.07,light rain
22,Warrington,GB,53.3925,-2.5802,42.01,93,90,8.05,overcast clouds
23,Rikitea,PF,-23.1203,-134.9692,78.3,76,89,13.78,overcast clouds
24,Comodoro Rivadavia,AR,-45.8667,-67.5,68.0,15,40,32.21,scattered clouds
25,Meulaboh,ID,4.1363,96.1285,75.45,89,100,4.38,overcast clouds
26,Rafai,CF,4.95,23.9167,69.48,26,1,1.48,clear sky
27,Hithadhoo,MV,-0.6,73.0833,80.89,76,100,15.28,overcast clouds
28,Brownsville,US,25.9018,-97.4975,55.4,82,90,20.71,overcast clouds
29,Jamestown,US,42.097,-79.2353,36.0,64,1,3.44,clear sky
30,Tuktoyaktuk,CA,69.4541,-133.0374,-2.2,84,75,16.11,snow
31,Shimoda,JP,34.6667,138.95,30.0,69,30,16.06,scattered clouds
32,Kirakira,SB,-10.4544,161.9205,83.73,75,98,5.1,light rain
33,Mar Del Plata,AR,-38.0023,-57.5575,77.0,65,0,23.02,clear sky
34,Khatanga,RU,71.9667,102.5,-11.31,90,100,19.37,light snow
35,Hermanus,ZA,-34.4187,19.2345,64.99,73,59,3.0,broken clouds
36,Provideniya,RU,64.3833,-173.3,-4.0,71,0,8.55,clear sky
37,Massaguet,TD,12.4755,15.4365,73.4,20,1,8.05,clear sky
38,Qaanaaq,GL,77.484,-69.3632,-1.17,74,0,5.91,clear sky
39,Senador Jose Porfirio,BR,-2.5908,-51.9542,84.22,71,74,3.02,light rain
40,Castro,BR,-24.7911,-50.0119,74.68,87,4,6.29,clear sky
41,Messina,IT,38.1933,15.5497,64.0,100,40,4.61,light rain
42,Pevek,RU,69.7008,170.3133,-25.91,87,100,3.78,overcast clouds
43,Bermeo,ES,43.4209,-2.7215,43.0,93,90,1.14,overcast clouds
44,Dikson,RU,73.5069,80.5464,21.43,98,100,21.88,light snow
45,Inuvik,CA,68.3499,-133.7218,10.4,92,100,2.3,overcast clouds
46,Nikolskoye,RU,59.7035,30.7861,6.01,85,100,4.47,overcast clouds
47,New Norfolk,AU,-42.7826,147.0587,64.0,85,80,3.31,broken clouds
48,Rexburg,US,43.826,-111.7897,21.2,86,90,1.9,overcast clouds
49,Mataura,NZ,-46.1927,168.8643,55.99,75,68,10.0,broken clouds
50,Lebu,CL,-37.6167,-73.65,59.59,77,100,7.7,overcast clouds
51,Latung,PH,5.5,120.8833,83.1,72,94,4.36,overcast clouds
52,Kutum,SD,14.2,24.6667,57.42,32,0,10.76,clear sky
53,Codrington,AU,-38.2667,141.9667,73.78,37,99,14.92,overcast clouds
54,Beringovskiy,RU,63.05,179.3167,-20.45,83,1,12.59,clear sky
55,Alice Springs,AU,-23.7,133.8833,77.0,64,6,4.61,clear sky
56,Orocue,CO,4.7912,-71.3354,79.0,80,96,6.67,heavy intensity rain
57,Llandrindod Wells,GB,52.2416,-3.3787,42.01,94,100,6.31,overcast clouds
58,Hilo,US,19.7297,-155.09,78.8,57,75,7.52,broken clouds
59,Khash,IR,28.2211,61.2158,33.78,53,0,3.49,clear sky
60,Thompson,CA,55.7435,-97.8558,17.6,93,75,8.05,broken clouds
61,Esperance,AU,-33.8667,121.9,57.2,88,40,4.61,scattered clouds
62,Bathsheba,BB,13.2167,-59.5167,80.6,69,20,19.57,few clouds
63,Poum,NC,-20.2333,164.0167,82.11,83,95,8.34,light rain
64,Ayorou,NE,14.7308,0.9174,78.96,16,0,10.0,clear sky
65,Vaini,TO,-21.2,-175.2,84.2,79,75,9.22,broken clouds
66,Cherskiy,RU,68.75,161.3,-33.2,84,98,2.01,overcast clouds
67,Shingu,JP,33.7333,135.9833,33.76,84,99,6.67,overcast clouds
68,Bilma,NE,18.6853,12.9164,70.43,21,0,6.15,clear sky
69,Bluff,NZ,-46.6,168.3333,55.99,75,88,10.0,overcast clouds
70,Esmeraldas,BR,-19.7625,-44.3139,80.6,73,40,9.22,moderate rain
71,Cervo,ES,43.6702,-7.4101,48.99,64,62,4.0,broken clouds
72,Chokurdakh,RU,70.6333,147.9167,-30.73,85,99,8.21,overcast clouds
73,Kaspiysk,RU,42.8816,47.6392,39.2,93,90,20.13,overcast clouds
74,Victoria,HK,22.2855,114.1577,52.0,29,100,11.01,overcast clouds
75,Busselton,AU,-33.65,115.3333,55.99,92,3,10.83,clear sky
76,Chuy,UY,-33.6971,-53.4616,78.26,79,11,14.7,few clouds
77,Olafsvik,IS,64.8945,-23.7142,25.95,84,8,14.81,clear sky
78,Huilong,CN,31.8111,121.655,34.0,64,88,7.31,overcast clouds
79,Mao,ES,39.8885,4.2658,50.0,93,75,17.27,light rain
80,Lorengau,PG,-2.0226,147.2712,81.79,69,100,1.81,overcast clouds
81,Butaritari,KI,3.0707,172.7902,81.7,80,61,16.91,broken clouds
82,Port Elizabeth,ZA,-33.918,25.5701,68.0,73,90,6.91,overcast clouds
83,Punta Arenas,CL,-53.15,-70.9167,46.4,87,90,11.5,light rain
84,Nenjiang,CN,49.1833,125.2167,-9.54,85,87,2.44,overcast clouds
85,Kununurra,AU,-15.7667,128.7333,80.6,100,88,2.3,overcast clouds
86,Saint George,US,37.1041,-113.5841,48.99,33,1,3.44,clear sky
87,Mandalgovi,MN,45.7625,106.2708,-2.94,80,0,11.48,clear sky
88,Lima,PE,-12.0432,-77.0282,75.99,68,20,13.8,few clouds
89,Trinidad,BO,-14.8333,-64.9,93.2,59,20,11.5,light rain
90,Manzhouli,CN,49.6,117.4333,-2.67,88,32,14.36,scattered clouds
91,Vestmannaeyjar,IS,63.4427,-20.2734,28.24,83,0,5.3,clear sky
92,Guilin,CN,25.2819,110.2864,41.0,42,90,4.47,overcast clouds
93,Marondera,ZW,-18.1853,31.5519,62.02,99,100,3.22,moderate rain
94,Viedma,AR,-40.8135,-62.9967,89.01,15,0,1.99,clear sky
95,Touros,BR,-5.1989,-35.4608,82.4,69,20,13.8,few clouds
96,Ust-Kalmanka,RU,52.1207,83.305,20.41,88,100,18.3,overcast clouds
97,Port Alfred,ZA,-33.5906,26.891,68.0,82,98,1.99,overcast clouds
98,Liwale,TZ,-9.7667,37.9333,68.79,96,100,3.8,overcast clouds
99,Gizo,SB,-8.103,156.8419,84.47,73,98,6.76,moderate rain
100,Kavaratti,IN,10.5669,72.642,82.35,74,100,6.44,overcast clouds
101,Constitucion,CL,-35.3333,-72.4167,63.54,70,3,11.88,clear sky
102,Roma,US,43.2128,-75.4557,27.0,74,90,3.44,overcast clouds
103,Santa Catarina De Tepehuanes,MX,25.35,-105.7333,64.56,25,0,11.01,clear sky
104,Atoyac,MX,20.0167,-103.5333,73.4,21,1,4.61,clear sky
105,Mabaruma,GY,8.2,-59.7833,77.34,90,26,6.13,scattered clouds
106,East London,ZA,-33.0153,27.9116,69.42,84,100,13.98,light rain
107,Mahebourg,MU,-20.4081,57.7,78.8,94,75,6.91,light rain
108,Okhotsk,RU,59.3833,143.3,-14.37,80,19,13.6,few clouds
109,Mogadishu,SO,2.0371,45.3438,76.26,71,66,22.24,broken clouds
110,Ghanzi,BW,-21.5667,21.7833,76.96,59,65,3.22,broken clouds
111,Egvekinot,RU,66.3167,-179.1667,-19.5,85,3,9.86,clear sky
112,Cape Town,ZA,-33.9258,18.4232,66.2,63,0,24.16,clear sky
113,Atherton,GB,53.5237,-2.4935,42.01,90,100,4.0,light rain
114,Moroeni,RO,45.2167,25.4333,32.0,90,100,7.56,light snow
115,Laguna,US,38.421,-121.4238,55.0,79,93,1.99,overcast clouds
116,Kahului,US,20.8947,-156.47,82.4,51,20,16.11,few clouds
117,Mount Isa,AU,-20.7333,139.5,78.8,65,0,5.75,clear sky
118,Cockburn Town,TC,21.4612,-71.1419,80.6,69,40,8.05,scattered clouds
119,Rawson,AR,-43.3002,-65.1023,71.65,26,100,21.25,overcast clouds
120,San Benito,US,36.6166,-121.0844,69.01,24,0,5.01,clear sky
121,Arraial Do Cabo,BR,-22.9661,-42.0278,80.6,78,40,20.71,scattered clouds
122,Nikel,RU,69.4128,30.222,5.0,85,0,11.5,clear sky
123,Saskylakh,RU,71.9167,114.0833,-12.95,85,100,16.06,overcast clouds
124,Bundaberg,AU,-24.85,152.35,72.0,88,90,10.36,overcast clouds
125,Tiksi,RU,71.6872,128.8694,-15.12,87,100,12.91,overcast clouds
126,Westport,US,41.1415,-73.3579,39.2,41,1,11.5,clear sky
127,Haines Junction,CA,60.7522,-137.5108,14.0,92,97,2.3,overcast clouds
128,Minab,IR,27.1467,57.0801,48.2,20,0,6.91,clear sky
129,Voiron,FR,45.3639,5.5921,30.2,80,90,4.61,overcast clouds
130,Cap Malheureux,MU,-19.9842,57.6142,78.01,85,0,3.0,light rain
131,Alcala La Real,ES,37.4614,-3.923,35.01,93,0,2.3,clear sky
132,Hobyo,SO,5.3505,48.5268,74.64,73,10,21.21,clear sky
133,Buluang,PH,13.3068,123.3425,73.0,86,100,8.86,overcast clouds
134,Bambous Virieux,MU,-20.3428,57.7575,78.8,94,75,6.91,light rain
135,Kapaa,US,22.0752,-159.319,78.8,73,75,13.8,light rain
136,Kodiak,US,57.79,-152.4072,39.2,81,90,12.66,light rain
137,Hokitika,NZ,-42.7167,170.9667,61.02,77,55,3.94,broken clouds
138,Saint-Philippe,RE,-21.3585,55.7679,78.8,89,20,16.11,light rain
139,Pirgos,GR,35.1167,25.7178,63.0,92,100,9.98,overcast clouds
140,Mount Gambier,AU,-37.8333,140.7667,73.4,43,100,11.5,overcast clouds
141,Morant Bay,JM,17.8815,-76.4093,86.0,66,20,10.36,few clouds
142,Puerto Ayora,EC,-0.7393,-90.3518,84.2,54,0,18.41,clear sky
143,Santa Barbara,US,34.7333,-120.0343,72.0,26,1,3.44,clear sky
144,Ouegoa,NC,-20.35,164.4333,82.85,78,99,5.46,overcast clouds
145,Los Llanos De Aridane,ES,28.6585,-17.9182,62.6,59,20,20.71,few clouds
146,Barrow,US,71.2906,-156.7887,3.2,85,90,5.75,mist
147,Caravelas,BR,-17.7125,-39.2481,79.25,79,13,8.86,few clouds
148,Maryborough,AU,-25.5333,152.7,73.0,89,84,5.01,broken clouds
149,Kjollefjord,NO,70.9457,27.3465,12.2,73,0,16.11,clear sky
150,Lasa,IT,46.6166,10.7002,21.99,67,0,9.22,clear sky
151,Orange Cove,US,36.6244,-119.3137,55.99,88,1,6.91,clear sky
152,Torbay,CA,47.6666,-52.7314,32.0,100,90,21.85,light snow
153,Adrar,MR,20.5022,-10.0711,57.72,34,33,13.33,scattered clouds
154,Anadyr,RU,64.75,177.4833,-31.0,68,0,8.95,clear sky
155,Carnarvon,AU,-24.8667,113.6333,75.2,88,0,17.27,clear sky
156,Loreto,MX,22.2667,-101.9667,67.23,23,0,11.68,clear sky
157,Vostok,RU,46.4856,135.8833,-12.08,90,100,4.94,overcast clouds
158,Ostrovnoy,RU,68.0531,39.5131,5.47,92,20,11.3,few clouds
159,Zatoka,UA,46.0725,30.4654,32.0,86,100,6.93,overcast clouds
160,Buchanan,LR,5.8808,-10.0467,77.0,94,75,7.52,broken clouds
161,South Venice,US,27.0531,-82.4243,57.99,67,1,6.91,clear sky
162,Ampanihy,MG,-24.7,44.75,79.43,68,1,5.55,clear sky
163,Paratinga,BR,-12.6906,-43.1842,85.82,52,42,0.6,scattered clouds
164,Havelock,US,34.8791,-76.9013,51.01,43,1,9.22,clear sky
165,Norman Wells,CA,65.282,-126.8329,15.8,86,75,2.82,broken clouds
166,Eydhafushi,MV,5.1033,73.0708,81.34,76,100,10.87,overcast clouds
167,Bhatkal,IN,13.9667,74.5667,78.04,69,48,4.9,scattered clouds
168,Avarua,CK,-21.2078,-159.775,84.2,74,20,11.5,light rain
169,Boyolangu,ID,-8.1181,111.8935,75.42,86,100,1.16,overcast clouds
170,Ongandjera,NA,-17.8833,15.0667,75.63,43,100,10.33,overcast clouds
171,Guerrero Negro,MX,27.9769,-114.0611,72.27,21,0,1.77,clear sky
172,Mae Hong Son,TH,19.3003,97.9685,67.3,80,10,1.57,clear sky
173,Gloversville,US,43.0528,-74.3438,24.01,93,1,10.36,clear sky
174,Ballina,AU,-28.8667,153.5667,68.0,88,10,6.91,clear sky
175,Arman,RU,59.7,150.1667,-3.87,82,100,8.79,overcast clouds
176,Isangel,VU,-19.55,169.2667,80.6,94,90,6.91,overcast clouds
177,Atasu,KZ,48.6814,71.6433,9.52,85,87,9.24,overcast clouds
178,Port Pirie,AU,-33.1833,138.0167,77.0,29,37,6.91,scattered clouds
179,Surt,LY,31.2089,16.5887,72.54,33,1,18.88,clear sky
180,Agadir,MA,30.4202,-9.5982,53.6,71,20,11.5,few clouds
181,Vardo,NO,70.3705,31.1107,19.4,68,75,17.27,light snow
182,Chara,RU,56.9064,118.2631,-15.39,74,100,1.34,overcast clouds
183,Dingle,PH,10.9995,122.6711,74.25,91,100,13.38,light rain
184,Tikrit,IQ,34.6071,43.6782,53.13,42,0,7.31,clear sky
185,Nacala,MZ,-14.5428,40.6728,79.02,85,60,6.69,broken clouds
186,Ribeira Grande,PT,38.5167,-28.7,60.8,100,75,8.05,broken clouds
187,Puerto Del Rosario,ES,28.5004,-13.8627,57.2,82,40,13.8,scattered clouds
188,Champerico,GT,14.3,-91.9167,91.4,43,20,6.91,few clouds
189,Praia Da Vitoria,PT,38.7333,-27.0667,60.01,100,40,12.64,light intensity drizzle
190,Te Anau,NZ,-45.4167,167.7167,53.22,76,57,1.12,broken clouds
191,Bethel,US,41.3712,-73.414,35.6,44,1,3.44,clear sky
192,Poddorye,RU,57.4695,31.1156,8.29,95,92,1.19,overcast clouds
193,Namibe,AO,-15.1961,12.1522,71.49,71,13,8.1,few clouds
194,Pitea,SE,65.3172,21.4794,14.0,92,90,9.22,snow
195,Juegang,CN,32.3174,121.1855,33.01,57,100,6.62,overcast clouds
196,Winnemucca,US,40.973,-117.7357,39.2,48,20,6.91,few clouds
197,San Cristobal,VE,7.7669,-72.225,86.0,58,40,8.05,scattered clouds
198,Mendoza,AR,-32.8908,-68.8272,91.4,27,20,5.75,few clouds
199,Mehamn,NO,71.0357,27.8492,12.2,73,0,16.11,clear sky
200,Sao Filipe,CV,14.8961,-24.4956,71.17,71,100,21.54,overcast clouds
201,Flin Flon,CA,54.7682,-101.865,19.4,79,40,9.22,scattered clouds
202,Bria,CF,6.5423,21.9863,71.87,23,1,2.57,clear sky
203,La Asuncion,VE,11.0333,-63.8628,79.43,80,62,16.44,broken clouds
204,Veraval,IN,20.9,70.3667,71.94,52,89,12.15,overcast clouds
205,Bonavista,CA,48.6499,-53.1147,32.0,100,100,5.75,overcast clouds
206,San Jeronimo,PE,-11.9472,-75.2829,60.13,49,84,4.85,moderate rain
207,Axim,GH,4.8699,-2.2405,79.77,84,0,8.93,clear sky
208,Nanortalik,GL,60.1432,-45.2371,32.47,93,100,5.32,overcast clouds
209,Goalpara,IN,26.1667,90.6167,63.19,64,9,2.98,clear sky
210,Sola,VU,-13.8833,167.55,82.9,75,83,6.69,light rain
211,Muzhi,RU,65.3667,64.6667,-21.14,86,0,3.29,clear sky
212,Dauphin,CA,51.1494,-100.0502,28.33,94,100,12.84,overcast clouds
213,Lavrentiya,RU,65.5833,-171.0,-15.95,82,0,10.94,clear sky
214,Port Lincoln,AU,-34.7333,135.8667,79.41,27,99,15.84,overcast clouds
215,Northam,GB,51.0333,-4.2167,45.0,87,87,7.0,overcast clouds
216,Sakakah,SA,29.9697,40.2064,53.6,66,0,6.91,clear sky
217,Port Blair,IN,11.6667,92.75,78.75,83,56,8.12,broken clouds
218,Atar,MR,20.5169,-13.0499,57.47,35,0,12.33,clear sky
219,Hede,CN,33.7681,120.2517,28.83,86,100,4.45,overcast clouds
220,Airai,TL,-8.9266,125.4092,61.59,100,43,0.38,light rain
221,Gorontalo,ID,0.5412,123.0595,74.26,86,31,3.31,scattered clouds
222,Komsomolskiy,UZ,40.4272,71.7189,21.2,73,0,2.3,mist
223,Marshall,US,34.3834,-86.3333,43.0,60,1,3.44,clear sky
224,Aripuana,BR,-9.1667,-60.6333,85.17,74,62,1.34,light rain
225,Avera,US,33.194,-82.5271,51.8,46,1,4.61,clear sky
226,Pingliang,CN,35.5392,106.6861,15.58,70,0,10.11,clear sky
227,Blagoyevo,RU,63.3667,47.9167,-6.43,90,0,5.73,clear sky
228,Baker City,US,44.7749,-117.8344,39.2,60,1,12.66,clear sky
229,Verkhnetulomskiy,RU,68.6073,31.7962,-5.8,77,0,5.55,clear sky
230,Berlevag,NO,70.8578,29.0864,12.2,62,0,33.38,clear sky
231,Klaksvik,FO,62.2266,-6.589,30.2,59,75,13.8,broken clouds
232,Longyearbyen,SJ,78.2186,15.6401,28.4,74,75,9.22,broken clouds
233,Pangody,RU,65.85,74.4859,-27.74,86,0,5.03,clear sky
234,Aksu,CN,41.1231,80.2644,10.42,79,0,4.25,clear sky
235,Hambantota,LK,6.1241,81.1185,76.32,82,100,5.82,light rain
236,Gonbad-E Qabus,IR,37.25,55.1672,47.95,45,0,6.96,clear sky
237,Sunland Park,US,31.7965,-106.58,43.0,48,90,5.53,overcast clouds
238,Lipin Bor,RU,60.2622,37.9763,5.09,95,91,4.72,overcast clouds
239,Ingham,US,42.6,-84.3833,32.0,74,40,2.66,scattered clouds
240,Itarema,BR,-2.9248,-39.9167,80.01,75,0,12.66,clear sky
241,Sirjan,IR,29.452,55.6814,35.96,64,0,2.82,clear sky
242,Sitka,US,57.0531,-135.33,42.8,81,90,17.27,light rain
243,Basco,PH,20.4487,121.9702,69.37,75,23,24.05,few clouds
244,Gao,ML,16.6362,1.637,75.58,17,0,7.09,clear sky
245,Enid,US,36.3956,-97.8784,41.0,75,90,5.75,overcast clouds
246,Belmonte,BR,-15.8631,-38.8828,82.4,83,75,4.61,broken clouds
247,Port Hedland,AU,-20.3167,118.5667,80.6,94,99,8.75,overcast clouds
248,Ilulissat,GL,69.2167,-51.1,17.6,67,75,4.61,broken clouds
249,Amahai,ID,-3.3333,128.9167,84.99,91,84,3.0,broken clouds
250,Iqaluit,CA,63.7506,-68.5145,5.0,78,75,13.8,snow
251,Lakselv,NO,70.0513,24.9718,10.4,72,40,26.46,light snow
252,Talnakh,RU,69.4865,88.3972,-15.61,86,100,5.64,overcast clouds
253,Henties Bay,NA,-22.116,14.2845,69.01,86,94,5.01,overcast clouds
254,Holme,DK,56.1138,10.1725,33.8,100,90,6.91,fog
255,Baherden,TM,38.4362,57.4316,42.48,53,0,4.34,clear sky
256,Taga,RO,46.95,24.05,28.4,93,40,1.14,light snow
257,Biharamulo,TZ,-2.6319,31.3089,61.93,97,95,2.82,overcast clouds
258,Kaitangata,NZ,-46.2817,169.8464,57.99,53,39,8.01,scattered clouds
259,Fomboni,KM,-12.28,43.7425,83.3,72,80,17.4,broken clouds
260,Tasiilaq,GL,65.6145,-37.6368,17.6,53,40,6.06,scattered clouds
261,Makakilo City,US,21.3469,-158.0858,80.6,61,0,11.5,clear sky
262,Lokosovo,RU,61.1333,74.8167,-22.58,87,75,6.24,broken clouds
263,Sayat,TM,38.7839,63.8803,28.4,80,1,11.5,clear sky
264,Sokolniki,PL,50.638,21.8065,33.01,80,92,1.32,overcast clouds
265,Saint-Francois,FR,46.4154,3.9054,27.0,86,0,4.61,clear sky
266,Georgetown,MY,5.4112,100.3354,77.0,83,20,2.3,few clouds
267,Karonga,MW,-9.9333,33.9333,76.68,75,100,6.51,light rain
268,Souillac,MU,-20.5167,57.5167,78.8,94,75,5.75,light rain
269,Abha,SA,18.2164,42.5053,51.8,40,0,4.61,clear sky
270,Yenagoa,NG,4.9247,6.2642,77.2,89,15,5.41,few clouds
271,Lagoa,PT,39.05,-27.9833,60.84,90,26,7.02,scattered clouds
272,Newberry,US,34.2746,-81.6187,51.01,51,48,1.01,scattered clouds
273,Yerbogachen,RU,61.2767,108.0108,-16.44,88,100,5.35,overcast clouds
274,Boddam,GB,57.4667,-1.7833,41.0,87,100,8.05,light rain
275,Saint-Joseph,RE,-21.3667,55.6167,78.8,89,75,14.97,light rain
276,Auki,SB,-8.7676,160.7034,81.72,80,94,3.27,moderate rain
277,Zabolotovka,RU,50.2737,39.3147,27.09,97,99,6.38,overcast clouds
278,Kasongo-Lunda,CD,-6.4667,16.8167,70.68,78,75,1.52,broken clouds
279,Muros,ES,42.7762,-9.0603,46.0,62,2,5.99,clear sky
280,Abu Samrah,SY,35.3029,37.1841,49.53,49,0,2.57,clear sky
281,Rio Grande,BR,-32.035,-52.0986,91.4,52,0,17.27,clear sky
282,Grand-Lahou,CI,5.1367,-5.0242,79.25,85,82,9.89,light rain
283,Oranjemund,NA,-28.55,16.4333,62.69,83,0,15.1,clear sky
284,Karratha,AU,-20.7377,116.8463,86.11,67,55,5.7,light rain
285,Fukue,JP,32.6881,128.8419,42.84,65,100,10.83,overcast clouds
286,Kavieng,PG,-2.5744,150.7967,82.15,75,100,4.36,moderate rain
287,Saldanha,ZA,-33.0117,17.9442,60.8,72,0,12.66,clear sky
288,Oktyabrskiy,RU,54.4815,53.471,9.75,94,100,10.63,overcast clouds
289,Yarada,IN,17.65,83.2667,66.2,88,91,2.3,mist
290,Valuyki,RU,50.2035,38.1067,28.08,96,96,6.91,overcast clouds
291,Fort-Shevchenko,KZ,44.5086,50.263,36.84,89,100,21.18,overcast clouds
292,Jalu,LY,29.0331,21.5482,66.58,38,31,9.1,scattered clouds
293,Tula,RU,54.2044,37.6111,3.83,94,66,5.53,broken clouds
294,Miri,MY,4.4148,114.0089,75.2,100,40,6.91,moderate rain
295,Totness,SR,5.8833,-56.3167,79.88,78,45,14.27,scattered clouds
296,Luderitz,NA,-26.6481,15.1594,70.54,60,18,24.29,few clouds
297,Trelew,AR,-43.249,-65.3051,72.7,21,100,21.94,overcast clouds
298,Haradok,BY,55.4624,29.9816,9.91,96,27,2.53,scattered clouds
299,Namatanai,PG,-3.6667,152.4333,79.68,81,100,3.6,light rain
300,Salalah,OM,17.0151,54.0924,69.8,26,0,12.66,clear sky
301,Sur,OM,22.5667,59.5289,65.48,44,0,12.15,clear sky
302,Ahipara,NZ,-35.1667,173.1667,67.06,65,44,9.51,scattered clouds
303,Dudinka,RU,69.4058,86.1778,-13.95,89,100,9.55,light snow
304,Causapscal,CA,48.3542,-67.227,21.0,58,32,6.2,scattered clouds
305,Bubaque,GW,11.2833,-15.8333,79.68,69,0,17.67,clear sky
306,Ushtobe,KZ,45.2514,77.9838,13.14,76,0,3.67,clear sky
307,Oriximina,BR,-1.7656,-55.8661,86.05,62,81,1.41,light rain
308,Leningradskiy,RU,69.3833,178.4167,-21.73,83,87,8.52,overcast clouds
309,Iskateley,RU,67.6803,53.1512,-8.01,91,42,3.89,scattered clouds
310,Burla,IN,21.5,83.8667,68.65,57,50,1.66,scattered clouds
311,Vila,PT,42.0304,-8.1588,36.0,73,0,14.0,clear sky
312,Mujiayingzi,CN,42.1167,118.7833,1.6,85,100,6.49,overcast clouds
313,Xining,CN,36.6167,101.7667,0.27,68,0,3.58,clear sky
314,Leninskoye,KZ,41.7589,69.3864,26.6,86,0,4.61,mist
315,Nouadhibou,MR,20.931,-17.0347,64.4,63,39,18.41,sand
316,Kota Belud,MY,6.351,116.4305,77.0,94,20,4.61,moderate rain
317,Coria,ES,39.9879,-6.5377,37.0,70,25,8.01,scattered clouds
318,Lhokseumawe,ID,5.1801,97.1507,75.36,86,100,4.59,moderate rain
319,Jibuti,DJ,11.5,42.5,75.2,69,20,3.44,haze
320,Harper,LR,4.375,-7.7169,79.81,82,25,5.7,scattered clouds
321,Kruisfontein,ZA,-34.0033,24.7314,64.99,80,100,1.99,overcast clouds
322,Makasar,ID,-5.14,119.4221,77.0,100,40,1.14,very heavy rain
323,Samarai,PG,-10.6167,150.6667,82.78,78,100,9.57,moderate rain
324,Mahon,ES,39.8885,4.2658,50.0,93,75,17.27,light rain
325,Vila Franca Do Campo,PT,37.7167,-25.4333,55.4,88,75,10.36,broken clouds
326,Vao,NC,-22.6667,167.4833,78.04,88,100,13.94,overcast clouds
327,Pucallpa,PE,-8.3791,-74.5539,91.4,49,40,5.75,scattered clouds
328,Evensk,RU,61.95,159.2333,1.47,80,88,16.08,overcast clouds
329,Kieta,PG,-6.2167,155.6333,82.17,73,99,1.23,overcast clouds
330,Canavieiras,BR,-15.675,-38.9472,82.4,83,75,4.61,broken clouds
331,Chala,TZ,-7.5833,31.2667,62.6,88,75,2.8,broken clouds
332,Luanda,AO,-8.8368,13.2343,77.0,78,20,6.91,few clouds
333,Naco,MX,31.3347,-109.9483,50.0,30,0,10.0,clear sky
334,Da Lat,VN,11.9465,108.4419,50.56,99,5,5.14,clear sky
335,Fort Nelson,CA,58.8053,-122.7002,12.2,79,20,4.61,few clouds
336,Fortuna,US,40.5982,-124.1573,57.99,93,90,3.0,overcast clouds
337,Izumo,JP,35.3667,132.7667,33.8,93,75,5.75,light snow
338,Jonesboro,US,35.8423,-90.7043,33.8,60,90,6.91,overcast clouds
339,Alamosa,US,37.4695,-105.87,30.2,43,1,3.44,clear sky
340,Clyde River,CA,70.4692,-68.5914,5.0,85,75,16.11,snow
341,Manono,CD,-7.3,27.4167,67.71,95,98,2.59,overcast clouds
342,Kenmare,IE,51.8833,-9.5833,40.19,87,97,4.68,overcast clouds
343,Carutapera,BR,-1.195,-46.02,79.48,83,100,7.34,overcast clouds
344,Narsaq,GL,60.9167,-46.05,41.0,38,90,23.02,overcast clouds
345,San Andres,CO,12.5847,-81.7006,82.4,78,75,10.36,light rain
346,Dawson Creek,CA,55.7666,-120.2362,44.6,49,1,12.66,clear sky
347,Seguela,CI,7.9611,-6.6731,85.39,38,76,6.35,broken clouds
348,Colares,PT,38.7992,-9.4469,46.0,70,0,8.05,clear sky
349,Guelph,CA,43.5501,-80.2497,33.01,74,1,8.05,clear sky
350,Palau,PW,7.503,134.621,78.8,89,75,5.66,broken clouds
351,Odda,NO,60.0691,6.5457,34.0,90,99,7.0,light snow
352,Matara,LK,5.9485,80.5353,75.42,81,100,2.71,overcast clouds
353,Yelizovo,RU,53.1873,158.3805,-2.2,78,86,11.18,overcast clouds
354,Flinders,AU,-34.5833,150.8552,71.01,87,3,1.01,clear sky
355,Bengkulu,ID,-3.8004,102.2655,76.12,84,99,3.89,light rain
356,Yulara,AU,-25.2406,130.9889,77.0,27,35,6.91,scattered clouds
357,Banda Aceh,ID,5.5577,95.3222,78.21,82,100,6.24,moderate rain
358,Antalaha,MG,-14.9003,50.2788,74.93,89,100,4.07,overcast clouds
359,Gobabis,NA,-22.45,18.9667,71.56,75,100,5.7,moderate rain
360,Marrakesh,MA,31.6315,-8.0083,46.4,81,75,13.8,light rain
361,Oussouye,SN,12.485,-16.5469,77.0,78,0,11.5,clear sky
362,Kisangani,CD,0.5167,25.2,74.17,68,79,1.34,broken clouds
363,Baracoa,CU,20.3467,-74.4958,76.82,81,97,10.38,overcast clouds
364,Sovetskiy,RU,61.3614,63.5842,-21.62,87,27,7.0,scattered clouds
365,Bud,US,39.447,-86.1758,30.0,77,62,4.99,broken clouds
366,Mizdah,LY,31.4451,12.9801,70.34,23,0,19.1,clear sky
367,Cidreira,BR,-30.1811,-50.2056,78.12,81,0,18.81,clear sky
368,Pryazha,RU,61.6926,33.6216,-18.4,76,96,2.24,overcast clouds
369,Ahuimanu,US,21.4447,-157.8378,78.8,65,75,9.22,light rain
370,Ukiah,US,39.1502,-123.2078,52.0,82,90,2.77,overcast clouds
371,Ligayan,PH,4.6533,119.4706,82.89,73,66,6.64,broken clouds
372,Kattivakkam,IN,13.2167,80.3167,78.8,94,40,3.44,mist
373,Shagonar,RU,51.5333,92.8,-12.69,84,100,2.46,overcast clouds
374,Acton,GB,51.509,-0.2762,37.99,93,90,8.05,overcast clouds
375,Chiredzi,ZW,-21.05,31.6667,75.29,77,94,4.43,overcast clouds
376,Kropotkin,RU,45.4375,40.5756,33.22,93,95,4.41,overcast clouds
377,Upernavik,GL,72.7868,-56.1549,10.94,84,19,10.25,few clouds
378,Lompoc,US,34.6391,-120.4579,66.99,45,1,14.97,clear sky
379,Srednekolymsk,RU,67.45,153.6833,-26.77,85,100,3.38,overcast clouds
380,Yumen,CN,40.2833,97.2,14.63,64,0,24.29,clear sky
381,Campana,AR,-34.1687,-58.9591,95.0,40,0,7.0,clear sky
382,Palana,RU,59.1167,159.9667,-1.97,89,100,5.66,overcast clouds
383,Chapais,CA,49.7834,-74.8492,17.6,93,90,8.05,overcast clouds
384,Baykit,RU,61.67,96.37,-11.97,84,100,4.14,overcast clouds
385,Pouembout,NC,-21.1333,164.9,81.75,80,74,4.79,broken clouds
386,Chabahar,IR,25.2919,60.643,63.27,49,0,9.82,clear sky
387,Kiama,AU,-34.6833,150.8667,71.01,78,7,1.99,clear sky
388,Bam,IR,29.106,58.357,39.42,43,0,2.13,clear sky
389,Makokou,GA,0.5738,12.8642,72.52,87,2,3.69,clear sky
390,Hasaki,JP,35.7333,140.8333,24.8,80,20,4.61,few clouds
391,Darasun,RU,51.6667,114.0,-0.4,71,80,4.47,broken clouds
392,Nyimba,ZM,-14.5566,30.8149,69.3,93,96,3.51,light rain
393,Sao Gabriel Da Cachoeira,BR,-0.1303,-67.0892,80.13,88,81,3.53,light rain
394,Burgeo,CA,47.6167,-57.6152,37.17,86,100,8.1,overcast clouds
395,Asau,RO,46.4333,26.4,32.0,93,90,4.61,light snow
396,Puerto Baquerizo Moreno,EC,-0.9,-89.6,80.6,78,40,16.11,scattered clouds
397,Petropavlovsk-Kamchatskiy,RU,53.0452,158.6483,-2.2,78,48,11.18,scattered clouds
398,Bandarbeyla,SO,9.4942,50.8122,72.32,73,7,23.82,clear sky
399,Russell,US,32.3502,-85.1999,48.2,46,1,3.04,clear sky
400,La Vista,US,41.1839,-96.0311,36.0,75,90,6.91,overcast clouds
401,Letnica,PL,51.8981,15.333,28.0,100,40,3.44,fog
402,Tilichiki,RU,60.4667,166.1,-5.87,93,100,11.5,overcast clouds
403,Yeniseysk,RU,58.4497,92.1703,-5.49,91,100,3.53,overcast clouds
404,Lagunas,PE,-5.2269,-75.6753,84.83,71,6,3.44,light rain
405,Novyy Urgal,RU,51.0736,132.5642,-26.28,85,99,1.23,overcast clouds
406,Progreso,MX,21.2833,-89.6667,79.0,50,75,9.22,broken clouds
407,Faanui,PF,-16.4833,-151.75,81.37,74,3,16.26,clear sky
408,Puerto Leguizamo,CO,-0.1934,-74.7819,81.72,74,56,2.91,broken clouds
409,Waipawa,NZ,-41.4122,175.5153,62.01,88,90,10.36,overcast clouds
410,Jieshi,CN,22.8134,115.8257,50.0,45,100,3.0,overcast clouds
411,Santa Rosa,PH,14.3122,121.1114,75.2,73,20,3.44,few clouds
412,Goderich,CA,43.7501,-81.7165,32.0,74,100,6.91,overcast clouds
413,North Bend,US,43.4065,-124.2243,60.01,87,90,9.22,overcast clouds
414,Killybegs,IE,54.6333,-8.45,44.01,91,100,7.0,overcast clouds
415,Bilaspur,IN,22.0833,82.15,68.45,63,49,6.31,scattered clouds
416,Acarau,BR,-2.8856,-40.12,80.31,76,0,14.65,clear sky
417,La Ciotat,FR,43.1748,5.6045,41.0,95,98,2.13,overcast clouds
418,Port Macquarie,AU,-31.4333,152.9167,66.99,80,68,1.99,broken clouds
419,Hami,CN,42.8,93.45,14.95,77,99,2.08,overcast clouds
420,Tabuk,PH,17.4189,121.4443,64.63,82,93,3.24,overcast clouds
421,Bac Lieu,VN,9.285,105.7244,74.26,80,100,9.35,overcast clouds
422,Mantes-La-Ville,FR,48.9737,1.7025,33.01,87,0,3.49,clear sky
423,Sayyan,YE,15.1718,44.3244,40.42,66,3,4.83,clear sky
424,Coihaique,CL,-45.5752,-72.0662,46.4,61,90,5.75,light rain
425,Bagdarin,RU,54.4333,113.6,-9.08,83,100,2.95,overcast clouds
426,Baruun-Urt,MN,46.6806,113.2792,-11.11,83,0,6.26,clear sky
427,Wenling,CN,28.3669,121.36,34.74,80,87,8.59,light snow
428,Teya,RU,60.3778,92.6267,-13.45,86,100,2.51,overcast clouds
429,Gweta,BW,-20.1833,25.2333,79.75,60,99,7.36,overcast clouds
430,Jiaozuo,CN,35.2397,113.2331,30.88,61,20,14.83,few clouds
431,Dukat,RU,62.55,155.55,-26.43,83,83,6.13,broken clouds
432,Karasjok,NO,69.4719,25.5112,10.4,72,40,26.46,light snow
433,Pangnirtung,CA,66.1451,-65.7125,10.4,85,90,2.04,light snow
434,Bontang,ID,0.1333,117.5,79.12,85,28,1.9,scattered clouds
435,Orlik,RU,52.5178,99.825,-8.91,82,94,4.05,overcast clouds
436,Mari-Turek,RU,56.7895,49.6235,3.78,93,99,11.01,overcast clouds
437,Ayr,GB,55.4627,-4.6339,45.0,93,90,19.57,overcast clouds
438,Ternate,ID,0.8,127.4,80.8,80,39,4.85,scattered clouds
439,Lata,PT,40.1629,-8.3327,46.0,65,2,5.01,clear sky
440,Half Moon Bay,US,37.4636,-122.4286,60.01,67,75,4.61,haze
441,Potiskum,NG,11.7091,11.0694,73.35,20,2,11.03,clear sky
442,Pavlivka,UA,49.4414,28.4596,30.25,92,100,4.56,overcast clouds
443,Minot,US,48.2325,-101.2963,42.8,52,1,11.5,clear sky
444,Myaundzha,RU,63.0494,147.1858,-27.27,83,100,3.09,overcast clouds
445,Altay,CN,47.8667,88.1167,5.88,79,83,2.1,broken clouds
446,Plainview,US,40.7765,-73.4673,41.0,38,1,10.36,clear sky
447,Tocopilla,CL,-22.092,-70.1979,71.83,59,90,10.51,overcast clouds
448,San Ignacio,BZ,17.1561,-89.0714,78.8,65,75,6.31,broken clouds
449,Urumqi,CN,43.801,87.6005,-7.6,84,40,2.24,mist
450,Jambi,ID,-1.6,103.6167,72.82,96,100,2.68,light rain
451,Mogocha,RU,53.7333,119.7667,-12.24,87,95,0.54,overcast clouds
452,Soverato,IT,38.685,16.5499,62.6,88,90,8.05,overcast clouds
453,Kalabo,ZM,-14.97,22.6814,69.78,92,100,5.41,light rain
454,Venado Tuerto,AR,-33.7456,-61.9688,95.0,11,57,15.01,broken clouds
455,Kagoro,NG,9.6,8.3833,68.0,30,0,3.94,clear sky
456,Benguela,AO,-12.5763,13.4055,75.34,72,89,5.57,overcast clouds
457,Cauquenes,CL,-35.9671,-72.3225,69.58,49,42,16.49,scattered clouds
458,Husavik,IS,66.0449,-17.3389,14.0,73,90,9.22,overcast clouds
459,Cabo San Lucas,MX,22.8909,-109.9124,75.99,46,1,6.91,clear sky
460,Rocky Mountain House,CA,52.3668,-114.9188,26.6,59,70,1.14,broken clouds
461,Ancud,CL,-41.8697,-73.8203,60.01,66,40,10.36,scattered clouds
462,Zemio,CF,5.0314,25.1361,70.68,25,0,1.16,clear sky
463,Dmytrivka,UA,45.9717,28.9864,34.75,83,100,5.77,overcast clouds
464,Minggang,CN,32.4586,114.0486,31.14,76,96,5.88,overcast clouds
465,Manyana,BW,-23.4,21.7167,73.67,68,90,5.61,overcast clouds
466,Luba,GQ,3.4568,8.5547,78.8,89,20,6.91,few clouds
467,Kibondo,TZ,-3.5864,30.7203,60.82,95,86,0.74,overcast clouds
468,Dubovskoye,RU,47.4092,42.7575,30.7,95,96,6.82,overcast clouds
469,Presidencia Roque Saenz Pena,AR,-26.7852,-60.4388,100.0,38,67,4.0,broken clouds
470,Along,IN,28.1667,94.7667,57.92,69,87,1.36,overcast clouds
471,Aykhal,RU,66.0,111.5,-33.83,81,99,5.17,overcast clouds
472,Okha,RU,53.5739,142.9478,-10.26,89,100,15.12,overcast clouds
473,Sao Jose Da Coroa Grande,BR,-8.8978,-35.1478,79.29,76,100,10.16,overcast clouds
474,Kapit,MY,2.0167,112.9333,73.63,95,100,0.65,moderate rain
475,Palmer,US,42.1584,-72.3287,41.0,36,40,5.75,scattered clouds
476,Tshane,BW,-24.0196,21.8684,77.0,59,92,8.43,overcast clouds
477,Quelimane,MZ,-17.8786,36.8883,80.6,83,20,2.3,light rain
478,Kaeo,NZ,-35.1,173.7833,71.01,68,17,8.99,few clouds
479,Jumla,NP,29.2747,82.1838,37.44,49,100,3.62,overcast clouds
480,Tchollire,CM,8.4022,14.1698,73.18,20,0,0.67,clear sky
481,Havre-Saint-Pierre,CA,50.2334,-63.5986,21.2,58,1,6.91,clear sky
482,Zhigansk,RU,66.7697,123.3711,-32.67,83,100,5.01,overcast clouds
483,Filadelfia,US,39.9523,-75.1638,45.0,36,1,9.22,clear sky
484,Innisfail,AU,-17.5333,146.0333,76.6,93,100,5.08,overcast clouds
485,Hulan,CN,45.9833,126.6,-7.6,84,16,4.47,few clouds
486,Galle,LK,6.0367,80.217,75.88,86,100,5.99,overcast clouds
487,Boone,US,39.0334,-92.3335,33.01,62,11,5.01,few clouds
488,Nabire,ID,-3.3667,135.4833,77.16,83,90,2.17,overcast clouds
489,Naze,JP,28.3667,129.4833,50.74,72,15,6.87,few clouds
490,Iwanai,JP,42.9744,140.5089,18.43,93,100,9.6,light snow
491,Dzaoudzi,YT,-12.7887,45.2699,80.6,83,0,5.75,moderate rain
492,Tura,IN,25.5198,90.2201,62.92,63,39,2.89,scattered clouds
493,Sternberk,CZ,49.7304,17.2989,26.01,95,0,2.86,clear sky
494,Erenhot,CN,43.6475,111.9767,-1.1,90,0,10.29,clear sky
495,Yaan,NG,7.3833,8.5667,83.17,15,0,4.12,clear sky
496,Nemuro,JP,43.3236,145.575,16.45,86,16,15.46,few clouds
497,Luang Prabang,LA,19.8856,102.1347,61.38,70,63,1.59,broken clouds
498,Mount Darwin,ZW,-16.7725,31.5838,69.6,90,99,1.83,light rain
499,Ca Mau,VN,9.1769,105.15,72.57,84,100,4.32,overcast clouds
500,Artyom,AZ,40.4723,50.333,42.8,81,75,16.11,broken clouds
501,Soe,ID,-9.8607,124.284,67.35,100,44,2.73,moderate rain
502,Aspe,ES,38.3451,-0.7672,45.0,87,40,1.14,scattered clouds
503,Fairbanks,US,64.8378,-147.7164,16.0,78,75,6.91,broken clouds
504,Raudeberg,NO,61.9875,5.1352,30.99,94,100,16.55,snow
505,Hanyang,CN,32.1371,105.5126,33.01,42,100,8.81,overcast clouds
506,Swellendam,ZA,-34.0226,20.4417,66.2,63,87,8.05,overcast clouds
507,Balsas,BR,-7.5325,-46.0356,81.52,73,74,1.88,heavy intensity rain
508,Sampit,ID,-2.5333,112.95,74.19,97,96,1.86,overcast clouds
509,Mackenzie,CA,55.2999,-123.1698,30.2,100,90,11.5,overcast clouds
510,Palmas,BR,-10.2128,-48.3603,87.8,62,40,1.14,light rain
511,Kalmunai,LK,7.4167,81.8167,75.69,93,100,8.77,moderate rain
512,Alofi,NU,-19.0595,-169.9187,82.4,78,75,9.22,light rain
513,Tomatlan,MX,19.9333,-105.25,87.17,31,0,8.68,clear sky
514,Vila Do Maio,CV,15.1333,-23.2167,71.6,60,75,19.57,broken clouds
515,Radishchevo,RU,52.85,47.8833,12.06,95,44,6.02,scattered clouds
516,Anju,KP,39.6178,125.6647,9.01,88,100,1.34,overcast clouds
517,Sorland,NO,67.667,12.6934,33.8,75,75,12.66,light snow
518,Magrath,CA,49.4167,-112.8686,44.6,45,100,31.07,overcast clouds
519,Mersing,MY,2.4312,103.8405,77.0,88,100,12.66,overcast clouds
520,Igdir,TR,39.9237,44.045,19.4,93,75,1.14,mist
521,Zalari,RU,53.5584,102.5065,6.15,92,100,3.44,overcast clouds
522,Nantucket,US,41.2835,-70.0995,35.6,69,1,11.5,clear sky
523,Macapa,BR,0.0389,-51.0664,82.4,74,20,8.05,few clouds
524,Toora-Khem,RU,52.4675,96.11,-0.6,88,100,0.51,overcast clouds
525,Aberdeen,GB,57.1437,-2.0981,41.0,87,100,8.05,overcast clouds
526,Gallup,US,35.5281,-108.7426,37.4,48,1,4.61,clear sky
527,Bougouni,ML,11.417,-7.479,82.74,15,0,3.11,clear sky
528,Geraldton,AU,-28.7667,114.6,66.2,82,0,11.5,clear sky
529,Sept-Iles,CA,50.2001,-66.3821,23.0,58,0,8.05,clear sky
530,Marquette,US,46.5333,-87.6335,34.0,76,0,2.42,clear sky
531,Mangrol,IN,21.1167,70.1167,69.35,52,87,14.16,overcast clouds
532,Luorong,CN,24.4058,109.6086,43.47,54,100,16.08,light rain
533,Ambanja,MG,-13.6833,48.45,76.64,87,84,2.1,moderate rain
534,Akcaabat,TR,41.0212,39.5715,51.8,100,75,2.3,broken clouds
535,Palu,ID,-0.8917,119.8707,76.08,79,9,2.66,clear sky
536,Puerto Carreno,CO,6.189,-67.4859,87.12,60,99,5.82,moderate rain
537,Solnechnyy,RU,50.7214,136.6319,-13.85,84,100,2.06,light snow
538,Petatlan,MX,17.5167,-101.2667,86.0,66,20,9.22,few clouds
539,Hailar,CN,49.2,119.7,-7.74,89,80,9.51,broken clouds
540,Terra Santa,BR,-2.1042,-56.4869,88.41,59,56,1.23,broken clouds
541,Teshie,GH,5.5836,-0.1072,80.6,94,0,10.36,clear sky
542,Baghdad,IQ,33.3406,44.4009,44.6,61,0,2.3,clear sky
543,Imeni Babushkina,RU,59.7573,43.1285,-2.52,92,95,5.53,overcast clouds
544,Skibbereen,IE,51.55,-9.2667,41.0,87,75,9.22,broken clouds
545,Den Helder,NL,52.9599,4.7593,43.0,93,90,12.66,overcast clouds
546,Kloulklubed,PW,7.0419,134.2556,78.8,89,75,11.05,broken clouds
547,Lazarev,RU,52.225,141.5131,-12.89,85,89,5.17,overcast clouds
548,Yar-Sale,RU,66.8333,70.8333,-17.14,85,31,3.98,scattered clouds
549,Brae,GB,60.3964,-1.353,39.2,87,90,17.27,moderate rain
550,Castres,FR,43.5833,2.1667,30.99,93,20,8.05,few clouds
551,Hoquiam,US,46.9809,-123.8893,48.99,87,90,6.91,overcast clouds
552,Cabra,ES,37.4725,-4.4421,39.0,82,10,4.25,clear sky
553,Uyuni,BO,-20.4597,-66.825,66.92,25,35,14.74,scattered clouds
554,Akyab,MM,20.15,92.9,69.51,75,3,7.83,clear sky
555,Porto Novo,BJ,6.4965,2.6036,80.6,94,20,6.91,few clouds
556,Teguldet,RU,57.3064,88.1667,-1.37,93,99,4.14,overcast clouds
557,Puerto Maldonado,PE,-12.6,-69.1833,90.37,55,44,3.36,scattered clouds
558,Baymak,RU,52.5933,58.3225,24.19,96,100,10.85,overcast clouds
559,Mushie,CD,-3.0167,16.9,75.69,82,100,0.89,overcast clouds
560,Varhaug,NO,58.6147,5.6457,35.6,93,75,4.61,broken clouds
561,Parfino,RU,57.9731,31.6481,7.68,95,67,1.12,broken clouds
562,Margate,GB,51.3813,1.3862,37.99,90,17,1.99,few clouds
563,Humaita,BR,-7.5061,-63.0208,91.36,53,82,2.33,broken clouds
564,Saint-Georges,GD,12.0564,-61.7485,84.2,70,40,14.97,scattered clouds
565,Totskoye,RU,52.5248,52.7623,20.53,97,70,8.23,broken clouds
566,Ganta,LR,7.3022,-8.5308,75.24,83,93,2.64,overcast clouds
567,Broome,US,42.2506,-75.833,32.0,69,1,3.44,clear sky
568,Quatre Cocos,MU,-20.2078,57.7625,78.8,94,75,5.75,light rain
569,Severo-Yeniseyskiy,RU,60.3725,93.0408,-17.16,90,100,2.26,overcast clouds
570,Abaujszanto,HU,48.2833,21.2,30.0,80,0,10.36,clear sky
571,Guaruja,BR,-23.9931,-46.2564,84.0,89,90,3.44,overcast clouds
572,Seymchan,RU,62.8833,152.4333,-32.6,82,95,1.97,overcast clouds
573,Itoman,JP,26.1247,127.6694,57.2,77,40,10.36,scattered clouds
574,Wahiawa,US,21.5028,-158.0236,80.6,73,75,8.05,broken clouds
575,Saiha,IN,22.4833,92.9667,58.5,68,84,3.38,broken clouds
576,Sao Pedro,BR,-22.5486,-47.9139,80.56,79,100,5.35,moderate rain
577,Quimper,FR,48.0,-4.1,35.6,87,90,2.3,overcast clouds
578,Gat,IL,31.61,34.7642,60.01,58,0,3.04,clear sky
579,Erdaojiang,CN,41.7764,126.0319,0.73,90,36,1.77,scattered clouds
580,Vila Velha,BR,-20.3297,-40.2925,80.6,78,40,14.97,scattered clouds
581,North Platte,US,41.1239,-100.7654,37.99,65,90,6.91,overcast clouds
582,Saint-Augustin,CA,51.226,-58.6502,23.18,86,5,15.64,clear sky
583,Ejea De Los Caballeros,ES,42.1263,-1.1372,37.0,75,31,18.41,light rain
584,Katobu,ID,-4.9408,122.5276,76.39,93,15,2.3,moderate rain
585,Teacapan,MX,22.55,-105.75,73.92,62,8,9.53,clear sky
586,Dunedin,NZ,-45.8742,170.5036,55.81,61,55,11.65,broken clouds
587,San Juan Evangelista,MX,17.9,-95.1333,77.0,61,40,9.22,scattered clouds
588,Jijiga,ET,9.35,42.8,57.43,62,5,7.94,clear sky
589,Istisu,AZ,40.9457,48.0738,33.8,80,16,2.95,few clouds
590,Tual,ID,-5.6667,132.75,83.5,72,53,4.07,broken clouds
591,Busia,UG,0.4544,34.0758,66.34,88,100,4.7,overcast clouds
592,Kouango,CF,4.9934,19.9619,78.04,43,79,2.3,broken clouds
593,Wolfsburg,DE,52.4333,10.8,33.8,80,90,10.36,overcast clouds
594,Bilibino,RU,68.0546,166.4372,-28.39,82,53,0.96,broken clouds
595,Houma,US,29.5958,-90.7195,45.0,76,90,13.8,overcast clouds
596,Cartagena,CO,10.3997,-75.5144,86.0,70,75,17.27,broken clouds
597,Flagstaff,US,35.1981,-111.6513,41.0,30,1,8.05,clear sky
598,Itaituba,BR,-4.2761,-55.9836,87.8,66,75,5.75,very heavy rain
599,Kingston,JM,17.997,-76.7936,84.99,70,20,18.41,few clouds
600,Gamba,GA,-2.65,10.0,78.28,86,71,4.79,light rain
601,Newport,GB,51.5877,-2.9984,43.0,94,30,5.32,scattered clouds
602,Puerto Escondido,MX,15.85,-97.0667,80.6,74,40,5.32,light rain
603,Hofn,IS,64.2539,-15.2082,22.59,84,0,15.08,clear sky
604,Guangyuan,CN,32.442,105.823,33.01,55,100,5.12,overcast clouds
605,Plavinas,LV,56.6178,25.7255,15.12,97,62,4.18,broken clouds
606,Broken Hill,AU,-31.95,141.4333,73.4,35,0,9.22,clear sky
607,Southbridge,US,42.0751,-72.0334,37.0,36,76,3.69,broken clouds
608,Shirgaon,IN,19.7,72.7,76.71,73,0,6.44,clear sky
609,Biak,ID,-0.9131,122.8766,76.89,81,38,2.55,scattered clouds
610,Nortelandia,BR,-14.4547,-56.8028,88.05,61,91,5.91,light rain
611,Preobrazheniye,RU,42.9019,133.9064,6.12,84,0,8.52,clear sky
612,Tezu,IN,27.9167,96.1667,62.33,56,76,2.26,broken clouds
613,Constantine,DZ,36.365,6.6147,41.0,93,75,5.75,broken clouds
614,Minnedosa,CA,50.2453,-99.8436,28.4,86,90,12.66,overcast clouds
615,Chioggia,IT,45.2256,12.2889,36.0,69,0,6.91,clear sky
616,Hirara,JP,24.8,125.2833,62.74,76,23,23.47,few clouds
617,Rorvik,NO,64.8621,11.2373,32.0,80,75,11.5,light snow
618,Kiunga,PG,-6.1219,141.2906,73.83,98,100,1.45,overcast clouds
619,Skjervoy,NO,70.0311,20.9714,23.0,54,0,17.27,clear sky
620,Shahr-E Kord,IR,32.3256,50.8644,12.2,57,0,2.3,clear sky
621,Petrovskoye,RU,57.0104,39.2693,4.35,94,87,5.19,overcast clouds
622,Honningsvag,NO,70.9821,25.9704,19.4,63,0,20.71,clear sky
623,Coos Bay,US,43.3665,-124.2179,60.01,87,90,9.22,overcast clouds
624,Brodokalmak,RU,55.5748,62.082,-0.4,78,75,6.71,light snow
625,Quang Ngai,VN,15.1167,108.8,66.18,92,100,6.08,light rain
626,Ostashkov,RU,57.1467,33.1075,3.6,94,98,0.27,overcast clouds
627,Gboko,NG,7.3179,8.9951,84.42,14,0,2.3,clear sky
628,Sistranda,NO,63.7256,8.834,30.2,74,40,9.22,snow
629,Thabazimbi,ZA,-24.5917,27.4116,75.99,72,70,1.01,broken clouds
630,Sweetwater,US,25.7634,-80.3731,70.0,43,40,6.91,scattered clouds
631,Coahuayana,MX,18.7333,-103.6833,80.6,50,40,5.75,scattered clouds
632,Port-Gentil,GA,-0.7193,8.7815,80.6,94,20,6.91,few clouds
633,Maykor,RU,59.0059,55.88,0.23,88,100,13.89,overcast clouds
634,Ambon,ID,-3.6954,128.1814,84.99,91,86,3.0,overcast clouds
635,Santiago De Cao,PE,-7.9589,-79.2392,72.64,76,23,14.76,few clouds
636,Mikuni,JP,36.2171,136.1519,33.8,93,75,4.61,light snow
637,Durres,AL,41.3231,19.4414,50.0,87,90,3.44,light rain
638,Esil,KZ,51.9556,66.4042,17.92,96,100,16.55,snow
639,Kismayo,SO,-0.3582,42.5454,77.25,78,0,17.58,clear sky
640,Belaya Gora,RU,68.5333,146.4167,-33.29,84,93,2.95,overcast clouds
641,Lang Son,VN,21.8333,106.7333,47.73,46,100,14.41,overcast clouds
642,Pacific Grove,US,36.6177,-121.9166,63.0,31,1,3.44,clear sky
643,Monitos,CO,8.25,-76.05,86.47,66,37,5.01,scattered clouds
644,Coquimbo,CL,-29.9533,-71.3436,64.4,68,0,12.66,clear sky
645,Havre,FR,49.5833,0.3333,41.0,81,90,10.36,overcast clouds
646,Strzelce Krajenskie,PL,52.8773,15.5298,32.0,77,99,7.61,overcast clouds
647,Tahoua,NE,14.8888,5.2692,80.6,8,0,4.61,clear sky
648,Boa Vista,BR,2.8197,-60.6733,77.0,88,75,4.61,light rain
649,Phayuha Khiri,TH,15.4553,100.1353,69.01,71,49,5.35,scattered clouds
650,Treinta Y Tres,UY,-33.2333,-54.3833,87.26,49,72,17.47,broken clouds
651,Trairi,BR,-3.2778,-39.2689,79.75,73,39,10.76,scattered clouds
652,Port Hardy,CA,50.6996,-127.4199,44.6,87,90,18.41,light rain
653,Pithora,IN,21.2667,82.5167,68.2,55,42,4.05,scattered clouds
654,Kerema,PG,-7.9631,145.7785,77.92,82,100,5.95,overcast clouds
655,Shieli,KZ,44.1667,66.75,26.02,69,0,8.77,clear sky
656,Erdenet,MN,49.0333,104.0833,-5.85,82,70,4.18,broken clouds
657,Sterling,US,39.0062,-77.4286,46.4,36,20,8.05,few clouds
658,Kupang,ID,-10.1667,123.5833,78.62,82,95,4.5,moderate rain
659,Hamilton,US,39.1834,-84.5333,39.0,60,1,0.76,clear sky
660,Nybro,SE,56.7446,15.9071,35.01,93,90,5.75,overcast clouds
661,Alakurtti,RU,66.9672,30.3491,1.99,88,99,4.0,overcast clouds
662,Panaba,MX,21.2833,-88.2667,73.98,64,20,10.29,few clouds
663,Korla,CN,41.7597,86.1469,13.21,84,0,6.71,clear sky
664,Namtsy,RU,62.7161,129.6658,-50.8,58,97,2.73,fog
665,Gornopravdinsk,RU,60.05,69.9,-19.34,88,78,5.06,broken clouds
666,Sabancuy,MX,18.9667,-91.1833,78.3,52,44,4.9,scattered clouds
667,Bayanday,RU,53.0661,105.5139,4.41,89,100,1.9,overcast clouds
668,Ascension,US,30.2169,-90.9001,46.99,61,90,6.91,overcast clouds
669,Kota Bahru,MY,6.1333,102.2386,75.2,88,20,4.61,few clouds
